<?xml version="1.0" encoding="UTF-8"?>
<metadata xml:lang="en"><Esri><CreaDate>20191206</CreaDate><CreaTime>12021400</CreaTime><ArcGISFormat>1.0</ArcGISFormat><SyncOnce>TRUE</SyncOnce><DataProperties><itemProps><itemLocation><linkage Sync="TRUE">file://\\v0t0020a.adr.admin.ch\topo\tga\tgag\01_Datenbereitstellung\03_UpDates\2020\swissBOUNDARIES3D\BOUNDARIES_2019\DATEN\swissBOUNDARIES3D\SHAPEFILE_LV95_LN02\swissBOUNDARIES3D_1_3_TLM_HOHEITSGEBIET</linkage><protocol Sync="TRUE">Local Area Network</protocol></itemLocation></itemProps><copyHistory><copy source="\\v0t0020a.adr.admin.ch\topo\tga\tgag\01_Datenbereitstellung\03_UpDates\2020\swissBOUNDARIES3D\Produkt2020_elias_V1_20191126\SHAPEFILE_LV95_LN02\swissBOUNDARIES3D_1_3_TLM_HOHEITSGEBIET" dest="\\v0t0020a.adr.admin.ch\topo\tga\tgag\01_Datenbereitstellung\03_UpDates\2020\swissBOUNDARIES3D\BOUNDARIES_2019\DATEN\swissBOUNDARIES3D\SHAPEFILE_LV95_LN02\swissBOUNDARIES3D_1_3_TLM_HOHEITSGEBIET" date="20191206" time="12021400"></copy></copyHistory></DataProperties></Esri></metadata>
